{
  "regionsOfInterest": [
    3,
    4,
    7,
    8,
    9
  ],
  "allowAssigningLicensesWithZeroBasevalueInDemandQuery": false,
  "alpha": 70.06114055163363,
  "beta": {
    "0": 0.07043175142055752,
    "1": 0.08681087365378123,
    "2": 0.11616977494902264,
    "3": 0.057752267657655905,
    "4": 0.11782225573887052,
    "5": 0.1132167590370863,
    "6": 0.10395092143850038,
    "7": 0.10360638952813273,
    "8": 0.06838643117330767,
    "9": 0.093562593124708,
    "10": 0.0688346781713308,
    "11": 0.06578034651539066,
    "12": 0.07033595947904761,
    "13": 0.09046335125964843
  },
  "zLow": {
    "0": 0.000004598919289,
    "1": 0.000001808547743,
    "2": 0.000001914483706,
    "3": 0.000001730180575,
    "4": 2.489849124E-7,
    "5": 6.272794298E-7,
    "6": 0.000008429208211,
    "7": 1.594648773E-7,
    "8": 0.000003153405822,
    "9": 0.000001474781203,
    "10": 0.000001176174574,
    "11": 3.473176614E-7,
    "12": 5.387370954E-7,
    "13": 0.00001761487568
  },
  "zHigh": {
    "0": 0.0001703585726590531194275714692106788866797,
    "1": 0.0000699565932247160352553136098717244007708,
    "2": 0.0000796750252935359044367888124184391858158,
    "3": 0.00006189760241557860439211466757567320630774,
    "4": 0.0000104031437725516286125579450068800197636,
    "5": 0.000025920237296760381509536390176260212507,
    "6": 0.0003404986423662181669816222322154151100779,
    "7": 0.0000064361043376312474100150684577055225125,
    "8": 0.0001161671916790880032901401670821011370581,
    "9": 0.00005804187143427278681918773384995632291,
    "10": 0.000043381397011574127246870072289115827917,
    "11": 0.0000127041974530930467717241991517448007427,
    "12": 0.0000199513719118240473867051348088996165767,
    "13": 0.0006877963386299165906462173563971546234426
  },
  "allocationLimit": {
    "kind": "No",
    "numberOfItems": 0
  },
  "setupType": "Multi Region Model Local Bidder",
  "uuid": "24bf3317-ffdc-4073-86ba-1164b1651e02",
  "population": 0,
  "id": 1,
  "worldId": 0,
  "strategies": {},
  "mipInstrumentation": {},
  "implementation": "org.spectrumauctions.sats.core.model.mrvm.MRVMLocalBidder"
}