{
  "regionsOfInterest": [
    8,
    11,
    12,
    13
  ],
  "allowAssigningLicensesWithZeroBasevalueInDemandQuery": false,
  "alpha": 81.26327998358379,
  "beta": {
    "0": 0.11432663351967905,
    "1": 0.09907812647508521,
    "2": 0.06563485871093565,
    "3": 0.10305167192776654,
    "4": 0.11949209429008177,
    "5": 0.053691037655595276,
    "6": 0.0845081926610694,
    "7": 0.0975801311966168,
    "8": 0.10320010282482564,
    "9": 0.09711345959791018,
    "10": 0.09342471958713784,
    "11": 0.10312425256738228,
    "12": 0.08092895763320343,
    "13": 0.11522054369426851
  },
  "zLow": {
    "0": 0.000002833197569,
    "1": 0.000001584624328,
    "2": 0.000003388521673,
    "3": 9.696286319E-7,
    "4": 2.455054805E-7,
    "5": 0.000001322726235,
    "6": 0.00001036850906,
    "7": 1.693129533E-7,
    "8": 0.000002089631351,
    "9": 0.000001420857152,
    "10": 8.665971765E-7,
    "11": 2.215451318E-7,
    "12": 4.682204198E-7,
    "13": 0.00001383000492
  },
  "zHigh": {
    "0": 0.0001173869210692332055189010592613187594349,
    "1": 0.0000632388907861611312992757334404748506345,
    "2": 0.0001238961643067322035018986028025619944069,
    "3": 0.0000390810441220321611423772176182811066634,
    "4": 0.0000102987608153881280021349458719619595410,
    "5": 0.00004678364142904676734428307745273796569659,
    "6": 0.000398677667577711411098180006541873870226,
    "7": 0.000006731546616767413259620320747696862603,
    "8": 0.0000842539575258676571392650813822864982651,
    "9": 0.0000564241499107356193622928372703025037765,
    "10": 0.0000340940751151528464613212788206802802995,
    "11": 0.0000089310215626761540335128143513476818103,
    "12": 0.0000178358716420856346180812544639097006297,
    "13": 0.0005742502158546339478867001844792450062209
  },
  "allocationLimit": {
    "kind": "No",
    "numberOfItems": 0
  },
  "setupType": "Multi Region Model Local Bidder",
  "uuid": "96647c01-e493-4ff1-8a72-9564aa40ddcb",
  "population": 0,
  "id": 0,
  "worldId": 0,
  "strategies": {},
  "mipInstrumentation": {},
  "implementation": "org.spectrumauctions.sats.core.model.mrvm.MRVMLocalBidder"
}